Region,IP
US (Comcast),73.162.144.176
US (Comcast),73.162.144.111
US (Comcast),73.162.144.14
US (Comcast),73.162.144.116
US (Comcast),73.162.144.249
US (Comcast),73.162.144.94
US (Comcast),73.162.144.154
US (Comcast),73.162.144.225
US (Comcast),73.162.144.165
US (Comcast),73.162.144.60
US (Comcast),73.162.144.247
US (Comcast),73.162.144.183
US (Comcast),73.162.144.216
US (Comcast),73.162.144.3
US (Comcast),73.162.144.125
US (Comcast),73.162.144.221
US (Comcast),73.162.144.203
US (Comcast),73.162.144.198
US (Comcast),73.162.144.11
US (Comcast),73.162.144.197
US (Comcast),73.162.144.251
US (Comcast),73.162.144.211
US (Comcast),73.162.144.213
US (Comcast),73.162.144.214
US (Comcast),73.162.144.159
US (Comcast),73.162.144.103
US (Comcast),73.162.144.153
US (Comcast),73.162.144.241
US (Comcast),73.162.144.33
US (Comcast),73.162.144.49
US (Comcast),73.162.144.135
US (Comcast),73.162.144.90
US (Comcast),73.162.144.138
US (Comcast),73.162.144.58
US (Comcast),73.162.144.122
US (AT&T),99.112.8.216
US (AT&T),99.112.8.24
US (AT&T),99.112.8.143
US (AT&T),99.112.8.13
US (AT&T),99.112.8.33
US (AT&T),99.112.8.60
US (AT&T),99.112.8.130
US (AT&T),99.112.8.173
US (AT&T),99.112.8.179
US (AT&T),99.112.8.20
US (AT&T),99.112.8.83
US (AT&T),99.112.8.207
US (AT&T),99.112.8.59
US (AT&T),99.112.8.110
US (AT&T),99.112.8.131
US (AT&T),99.112.8.91
US (AT&T),99.112.8.126
US (AT&T),99.112.8.93
US (AT&T),99.112.8.69
US (AT&T),99.112.8.92
US (AT&T),99.112.8.120
US (AT&T),99.112.8.245
US (AT&T),99.112.8.244
US (AT&T),99.112.8.180
US (AT&T),99.112.8.203
UK (BT),86.128.0.128
UK (BT),86.128.0.62
UK (BT),86.128.0.17
UK (BT),86.128.0.37
UK (BT),86.128.0.18
UK (BT),86.128.0.162
UK (BT),86.128.0.194
UK (BT),86.128.0.84
UK (BT),86.128.0.35
UK (BT),86.128.0.103
Canada (Bell),142.114.0.22
Canada (Bell),142.114.0.168
Canada (Bell),142.114.0.213
Canada (Bell),142.114.0.70
Canada (Bell),142.114.0.247
Canada (Bell),142.114.0.217
Canada (Bell),142.114.0.160
Canada (Bell),142.114.0.16
Canada (Bell),142.114.0.106
Canada (Bell),142.114.0.201
Australia (Optus),118.208.0.117
Australia (Optus),118.208.0.254
Australia (Optus),118.208.0.79
Australia (Optus),118.208.0.188
Australia (Optus),118.208.0.232
Australia (Optus),118.208.0.67
Australia (Optus),118.208.0.171
Australia (Optus),118.208.0.86
Germany (Telekom),87.123.0.167
Germany (Telekom),87.123.0.206
Germany (Telekom),87.123.0.121
Germany (Telekom),87.123.0.147
Germany (Telekom),87.123.0.18
Germany (Telekom),87.123.0.48
Germany (Telekom),87.123.0.112
Global Misc,45.66.77.233
Global Misc,45.66.77.96
Global Misc,45.66.77.126
Global Misc,45.66.77.169
Global Misc,45.66.77.90
